sample;id;species;organ;sex_age;elevation;year;biomass;PC1;PC2
LM_7_11_E.nigrum_B_FJ_360_2007;LM_7_11;E.nigrum;B;FJ;360;2007;3,579759128;0.119524603701641;0.0463134345996868
LM_9_92_E.nigrum_B_FJ_302_2009;LM_9_92;E.nigrum;B;FJ;302;2009;6,378400533;-0.0836401644260986;-0.0119884347383539
LM_6_86_E.nigrum_B_FJ_246_2006;LM_6_86;E.nigrum;B;FJ;246;2006;6,513915782;-0.141880044844863;-0.0380187253138847
LM_9_84_D.octopetala_L_MJ_394_2009;LM_9_84;D.octopetala;L;MJ;394;2009;6,614845723;0.0352845332568489;-0.0399268121903595
LM_9_2_E.nigrum_B_MJ_338_2009;LM_9_2;E.nigrum;B;MJ;338;2009;7,348675674;0.0688934809082618;0.0124875717339053
LM_6_49_Vaccinium_B_MJ_204_2006;LM_6_49;Vaccinium;B;MJ;204;2006;7,376191878;0.0221853920455278;0.0377583465547603
LM_14_131_D.octopetala_L_FJ_379_2014;LM_14_131;D.octopetala;L;FJ;379;2014;7,954468549;0.0266163593461243;-0.0414214601499206
LM_14_130_D.octopetala_L_FA_379_2014;LM_14_130;D.octopetala;L;FA;379;2014;9,271202543;-0.0139456730466441;-0.0448182556671928
LM_8_43_B.nana_IFR_IFR_MJ_257_2008;LM_8_43;B.nana;IFR;MJ;257;2008;11,87296795;0.130904581214396;0.061206868042026
LM_11_189_Vaccinium_B_MJ_421_2011;LM_11_189;Vaccinium;B;MJ;421;2011;12,55592575;-0.010727278636473;0.00978811470180109
LM_12_66_E.nigrum_B_FJ_420_2012;LM_12_66;E.nigrum;B;FJ;420;2012;13,60909539;-0.111776829257053;-0.047377667646787
LM_9_14_E.nigrum_B_FJ_370_2009;LM_9_14;E.nigrum;B;FJ;370;2009;13,63892334;-0.120375714021345;-0.0206991706635994
LM_12_66_B.nana_C_C_FJ_420_2012;LM_12_66;B.nana;C;FJ;420;2012;14,01526095;0.0967310949941427;0.0520067238885048
LM_11_137_S.phylicifolia_Sb_MJ_370_2011;LM_11_137;S.phylicifolia;Sb;MJ;370;2011;14,29559821;0.0552597522662112;-0.0360651346630695
LM_11_152_D.octopetala_L_FJ_463_2011;LM_11_152;D.octopetala;L;FJ;463;2011;14,59588353;0.0620077692759009;-0.0365813971278444
LM_10_220_Vaccinium_B_FJ_366_2010;LM_10_220;Vaccinium;B;FJ;366;2010;14,62505536;0.00695422656724762;0.0368366171977066
LM_14_105_S.phylicifolia_Sb_MA_277_2014;LM_14_105;S.phylicifolia;Sb;MA;277;2014;14,97731602;0.0293339380059834;-0.0284878450940078
LM_9_42_Vaccinium_B_MJ_432_2009;LM_9_42;Vaccinium;B;MJ;432;2009;15,10657856;-0.0125968923731184;0.0437024285648289
LM_7_106_Vaccinium_B_MJ_767_2007;LM_7_106;Vaccinium;B;MJ;767;2007;15,25669104;0.0056400668101333;0.0202525837452217
LM_9_89_B.nana_IFR_IFR_MJ_300_2009;LM_9_89;B.nana;IFR;MJ;300;2009;15,26948854;0.103389061470298;0.0543456090857194
LM_7_68_D.octopetala_L_MJ_493_2007;LM_7_68;D.octopetala;L;MJ;493;2007;15,33990776;0.0126690975932435;-0.0367086338223369
LM_6_89_E.nigrum_B_FA_246_2006;LM_6_89;E.nigrum;B;FA;246;2006;15,62607057;-0.118598895988119;-0.0186992396241989
LM_8_33_E.nigrum_B_MJ_370_2008;LM_8_33;E.nigrum;B;MJ;370;2008;15,78002245;-0.0707535983037127;-0.010728750261158
LM_6_49_E.nigrum_B_MJ_204_2006;LM_6_49;E.nigrum;B;MJ;204;2006;16,222748;-0.100274308443698;-0.0276058960106609
LM_12_54_Vaccinium_B_MJ_527_2012;LM_12_54;Vaccinium;B;MJ;527;2012;16,39393553;-0.049855129755382;0.00237567512344344
LM_8_120_E.nigrum_B_MJ_377_2008;LM_8_120;E.nigrum;B;MJ;377;2008;16,54468028;-0.105585531472858;-0.04092718149804
LM_8_124_D.octopetala_L_FJ_381_2008;LM_8_124;D.octopetala;L;FJ;381;2008;17,45729987;0.0541910572384818;-0.0308935996480854
LM_14_37_E.nigrum_B_FJ_370_2014;LM_14_37;E.nigrum;B;FJ;370;2014;18,07650969;-0.104372508592966;-0.0429099984563399
LM_8_83_Vaccinium_B_FJ_378_2008;LM_8_83;Vaccinium;B;FJ;378;2008;18,53847481;0.0132850531967311;0.0359008825758631
LM_11_128_D.octopetala_L_FJ_109_2011;LM_11_128;D.octopetala;L;FJ;109;2011;19,07067165;0.0452954131400408;-0.0345231778533502
LM_6_81_E.nigrum_B_FJ_246_2006;LM_6_81;E.nigrum;B;FJ;246;2006;19,11321367;-0.10721118897388;-0.0235561058094449
LM_10_220_B.pubescens_C_FJ_366_2010;LM_10_220;B.pubescens;C;FJ;366;2010;20,42636422;0.138070748610934;0.066527294755024
LM_9_106_E.nigrum_B_MJ_378_2009;LM_9_106;E.nigrum;B;MJ;378;2009;20,48393055;-0.0537632659026727;-0.00136465731253333
LM_7_28_B.nana_IFR_IFR_FJ_360_2007;LM_7_28;B.nana;IFR;FJ;360;2007;20,56441837;-0.0632648214759632;-0.0202363291585354
LM_14_130_S.phylicifolia_Sb_FA_379_2014;LM_14_130;S.phylicifolia;Sb;FA;379;2014;21,00339825;-0.0246739336053118;-0.0404105830702142
LM_8_138_B.nana_C_C_MA_370_2008;LM_8_138;B.nana;C;MA;370;2008;21,51955857;0.0782707593816199;0.0344792987281271
LM_9_102_E.nigrum_B_FJ_291_2009;LM_9_102;E.nigrum;B;FJ;291;2009;21,58080115;-0.133861952380809;-0.0367520374772281
LM_8_137_E.nigrum_B_FJ_377_2008;LM_8_137;E.nigrum;B;FJ;377;2008;21,69808034;-0.100064032907414;-0.0240279635484969
LM_12_48_D.octopetala_L_MJ_510_2012;LM_12_48;D.octopetala;L;MJ;510;2012;21,70271637;0.00613040814392569;-0.0365006877087639
LM_13_75_B.nana_IFR_IFR_MJ_378_2013;LM_13_75;B.nana;IFR;MJ;378;2013;21,75252231;0.0453389994685847;-0.00681227525802032
LM_9_87_B.nana_C_C_FJ_327_2009;LM_9_87;B.nana;C;FJ;327;2009;21,77621676;0.159526590542081;0.104004169285181
LM_6_90_D.octopetala_L_MJ_246_2006;LM_6_90;D.octopetala;L;MJ;246;2006;21,78808642;0.0507537375394327;-0.0341520622353658
LM_9_15_Vaccinium_B_MJ_349_2009;LM_9_15;Vaccinium;B;MJ;349;2009;21,84460654;-0.0615296146017295;-0.00959023354162909
LM_11_210_B.nana_C_C_MA_384_2011;LM_11_210;B.nana;C;MA;384;2011;22,15298646;0.176054574295394;0.0585126633083069
LM_9_13_E.nigrum_B_MJ_285_2009;LM_9_13;E.nigrum;B;MJ;285;2009;22,22522279;-0.019028130729979;0.00305034953852704
LM_7_54_D.octopetala_L_MJ_671_2007;LM_7_54;D.octopetala;L;MJ;671;2007;22,31160387;0.0418741630575937;-0.0427344564679459
LM_14_180_Vaccinium_B_MJ_373_2014;LM_14_180;Vaccinium;B;MJ;373;2014;23,06514269;-0.0421582981386992;0.0340680909264869
LM_13_167_S.phylicifolia_Sb_MJ_345_2013;LM_13_167;S.phylicifolia;Sb;MJ;345;2013;23,17667756;0.0301396026110013;-0.0379588238870362
LM_13_178_Vaccinium_B_MJ_375_2013;LM_13_178;Vaccinium;B;MJ;375;2013;23,38374349;-0.0672252773193859;0.0228417873581944
LM_13_110_D.octopetala_L_FJ_373_2013;LM_13_110;D.octopetala;L;FJ;373;2013;23,58754622;0.115363239982478;-0.00997838299336872
LM_6_82_S.herbacea_Sb_MJ_246_2006;LM_6_82;S.herbacea;Sb;MJ;246;2006;23,64438493;0.0430200057829489;-0.0427700293640239
LM_6_84_E.nigrum_B_FJ_246_2006;LM_6_84;E.nigrum;B;FJ;246;2006;23,67064739;0.000624353851238815;0.0129690072072441
LM_7_28_D.octopetala_L_FJ_360_2007;LM_7_28;D.octopetala;L;FJ;360;2007;23,69684333;0.00960795911038523;-0.031805638360499
LM_8_137_D.octopetala_L_FJ_377_2008;LM_8_137;D.octopetala;L;FJ;377;2008;24,09155837;0.0260640911907916;-0.0396322064608632
LM_7_129_D.octopetala_L_FJ_350_2007;LM_7_129;D.octopetala;L;FJ;350;2007;24,16397297;0.0578198974816426;-0.0389489492954958
LM_8_35_B.nana_C_C_FA_379_2008;LM_8_35;B.nana;C;FA;379;2008;24,24629059;0.137486613279013;0.066343009256632
LM_10_295_B.pubescens_C_FA_370_2010;LM_10_295;B.pubescens;C;FA;370;2010;24,57733847;0.175678611842811;0.0879316823528088
LM_7_59_D.octopetala_L_MJ_759_2007;LM_7_59;D.octopetala;L;MJ;759;2007;24,6052291;0.0760629617417896;-0.0352177952966583
LM_10_11_D.octopetala_L_MJ_305_2010;LM_10_11;D.octopetala;L;MJ;305;2010;24,61783598;0.0730327478732373;-0.0270892514330412
LM_8_98_Vaccinium_B_FJ_372_2008;LM_8_98;Vaccinium;B;FJ;372;2008;24,89631473;-0.0969201293073561;0.0120122162737797
LM_7_28_Vaccinium_B_FJ_360_2007;LM_7_28;Vaccinium;B;FJ;360;2007;24,98343274;-0.0615295356383366;0.0132518288890016
LM_7_81_D.octopetala_L_MJ_505_2007;LM_7_81;D.octopetala;L;MJ;505;2007;25,06985861;0.0602449591963402;-0.0320838354120975
LM_10_94_Vaccinium_B_FJ_426_2010;LM_10_94;Vaccinium;B;FJ;426;2010;25,87995707;-0.0520772915778577;0.0182201492298248
LM_13_146_Vaccinium_B_FJ_284_2013;LM_13_146;Vaccinium;B;FJ;284;2013;26,07048854;-0.0740126566414714;0.0106282221399949
LM_11_221_D.octopetala_L_FJ_429_2011;LM_11_221;D.octopetala;L;FJ;429;2011;26,1451628;0.045994621476658;-0.0309595001551062
LM_6_6_E.nigrum_B_FJ_88_2006;LM_6_6;E.nigrum;B;FJ;88;2006;26,20717837;-0.058323267098873;-0.016257768428646
LM_8_54_E.nigrum_B_FJ_378_2008;LM_8_54;E.nigrum;B;FJ;378;2008;26,62189711;-0.0873023730837594;-0.012758721465804
LM_9_49_B.nana_C_C_FJ_401_2009;LM_9_49;B.nana;C;FJ;401;2009;27,10135817;0.085210363756038;0.0260946211670499
LM_8_114_E.nigrum_B_FJ_369_2008;LM_8_114;E.nigrum;B;FJ;369;2008;27,22283205;-0.101095153602619;-0.012483624478361
LM_6_36_B.nana_IFR_IFR_MJ_188_2006;LM_6_36;B.nana;IFR;MJ;188;2006;28,05355976;0.0891323652558709;0.0642029091547076
LM_9_139_Vaccinium_B_FJ_376_2009;LM_9_139;Vaccinium;B;FJ;376;2009;28,14064501;-0.0164001923329398;0.0445326078460625
LM_6_38_Vaccinium_B_FA_188_2006;LM_6_38;Vaccinium;B;FA;188;2006;28,51856331;-0.0460379310020809;0.0236140058245643
LM_8_124_B.nana_C_C_FJ_381_2008;LM_8_124;B.nana;C;FJ;381;2008;28,59052428;0.0911405110278254;0.0370951614133584
LM_10_287_D.octopetala_L_MJ_383_2010;LM_10_287;D.octopetala;L;MJ;383;2010;29,24432082;0.0232862602058466;-0.0274434180226436
LM_14_131_S.phylicifolia_Sb_FJ_379_2014;LM_14_131;S.phylicifolia;Sb;FJ;379;2014;29,30393861;0.00877905020640457;-0.0431678225307543
LM_10_93_B.nana_IFR_IFR_MJ_426_2010;LM_10_93;B.nana;IFR;MJ;426;2010;29,5385816;0.090989766333556;0.043574656738505
LM_11_42_Vaccinium_B_FJ_357_2011;LM_11_42;Vaccinium;B;FJ;357;2011;29,57700115;-0.0254801796704273;0.0329932543574849
LM_12_200_Vaccinium_B_FJ_527_2012;LM_12_200;Vaccinium;B;FJ;527;2012;30,01032411;-0.0738296825301786;-0.00286801724145794
LM_9_92_S.phylicifolia_Sb_FJ_302_2009;LM_9_92;S.phylicifolia;Sb;FJ;302;2009;30,1643413;0.04852852037932;-0.0428005560865988
LM_6_91_D.octopetala_L_MJ_380_2006;LM_6_91;D.octopetala;L;MJ;380;2006;30,49034359;0.0767411936093709;-0.0401292512716718
LM_6_84_D.octopetala_L_FJ_246_2006;LM_6_84;D.octopetala;L;FJ;246;2006;30,58174454;0.0797009401197226;-0.0248025012966765
LM_13_132_E.nigrum_B_MA_318_2013;LM_13_132;E.nigrum;B;MA;318;2013;30,76668018;-0.0823294016660657;-0.0305530924936546
LM_7_6_Vaccinium_B_FJ_378_2007;LM_7_6;Vaccinium;B;FJ;378;2007;30,81483888;-0.0914160688405934;-0.00318084568519156
LM_13_178_B.nana_IFR_IFR_MJ_375_2013;LM_13_178;B.nana;IFR;MJ;375;2013;30,83130563;0.0206077854976985;0.0183536299576848
LM_9_81_Vaccinium_B_FA_280_2009;LM_9_81;Vaccinium;B;FA;280;2009;31,04718389;-0.0327345998619344;0.0222408661500132
LM_6_83_E.nigrum_B_MJ_246_2006;LM_6_83;E.nigrum;B;MJ;246;2006;31,33252141;-0.11572898041632;-0.0203942383866267
LM_6_82_D.octopetala_L_MJ_246_2006;LM_6_82;D.octopetala;L;MJ;246;2006;31,56528598;0.0502093191090943;-0.0377177065502101
LM_7_22_Vaccinium_B_MJ_370_2007;LM_7_22;Vaccinium;B;MJ;370;2007;31,59920681;-0.0516360861603718;0.0178717843637952
LM_13_51_Vaccinium_B_FJ_309_2013;LM_13_51;Vaccinium;B;FJ;309;2013;32,12142605;-0.0156716830320787;0.0274706682046331
LM_13_75_D.octopetala_L_MJ_378_2013;LM_13_75;D.octopetala;L;MJ;378;2013;32,19101669;0.051505646118292;-0.0360651186318989
LM_12_51_D.octopetala_L_MJ_527_2012;LM_12_51;D.octopetala;L;MJ;527;2012;32,34098078;0.0191205650959561;-0.0422964275565993
LM_6_38_B.nana_IFR_IFR_FA_188_2006;LM_6_38;B.nana;IFR;FA;188;2006;32,50937235;0.105649194369529;0.0674383297880954
LM_10_220_D.octopetala_L_FJ_366_2010;LM_10_220;D.octopetala;L;FJ;366;2010;33,61216356;0.0313157243149586;-0.03747023630079
LM_8_46_Vaccinium_B_MJ_332_2008;LM_8_46;Vaccinium;B;MJ;332;2008;34,10712305;-0.0269343345795698;0.015543147255799
LM_11_221_B.nana_IFR_IFR_MJ_429_2011;LM_11_221;B.nana;IFR;MJ;429;2011;34,16363467;0.0354029470125452;-0.0193284997690699
LM_8_115_Vaccinium_B_FA_369_2008;LM_8_115;Vaccinium;B;FA;369;2008;34,68085106;-0.0163461060222005;0.0233440119492419
LM_11_206_B.nana_IFR_IFR_FJ_376_2011;LM_11_206;B.nana;IFR;FJ;376;2011;35,12372421;0.0476593736321979;0.0148143090043832
LM_10_295_D.octopetala_L_FA_370_2010;LM_10_295;D.octopetala;L;FA;370;2010;35,33056011;0.0357180446941009;-0.0367584240186309
LM_9_89_S.phylicifolia_Sb_MJ_300_2009;LM_9_89;S.phylicifolia;Sb;MJ;300;2009;35,33262787;0.065389076283449;-0.0378569972543129
LM_8_95_Vaccinium_B_MJ_375_2008;LM_8_95;Vaccinium;B;MJ;375;2008;35,36464635;-0.0629239559271112;0.0227646962553949
LM_6_111_E.nigrum_B_MA_371_2006;LM_6_111;E.nigrum;B;MA;371;2006;35,5341689;-0.0487383848979238;0.0229548608229072
LM_8_23_B.pubescens_C_MA_377_2008;LM_8_23;B.pubescens;C;MA;377;2008;35,63348416;0.135637200453429;0.065181533699707
LM_10_1_D.octopetala_L_MJ_329_2010;LM_10_1;D.octopetala;L;MJ;329;2010;35,75240128;0.0659308061304024;-0.0360721581349055
LM_7_59_E.nigrum_B_MJ_759_2007;LM_7_59;E.nigrum;B;MJ;759;2007;35,77271551;-0.126222924232137;-0.0360680057979763
LM_12_55_D.octopetala_L_FJ_527_2012;LM_12_55;D.octopetala;L;FJ;527;2012;36,2871254;0.119720355739389;-0.00275715929042536
LM_10_191_B.nana_IFR_IFR_FJ_428_2010;LM_10_191;B.nana;IFR;FJ;428;2010;36,39680555;0.0423580298596673;0.0282921534680411
LM_12_54_D.octopetala_L_MJ_527_2012;LM_12_54;D.octopetala;L;MJ;527;2012;36,41598484;0.00129390324320895;-0.0323488889333944
LM_11_115_Vaccinium_B_MJ_371_2011;LM_11_115;Vaccinium;B;MJ;371;2011;36,45232351;-0.0466450070354418;0.00194582661118876
LM_13_162_D.octopetala_L_MJ_354_2013;LM_13_162;D.octopetala;L;MJ;354;2013;36,67596696;0.0590089633240689;-0.0255841804429322
LM_12_66_S.phylicifolia_Sb_FJ_420_2012;LM_12_66;S.phylicifolia;Sb;FJ;420;2012;36,77299481;0.050853625143851;-0.024490508804391
LM_8_63_D.octopetala_L_FJ_375_2008;LM_8_63;D.octopetala;L;FJ;375;2008;37,33366343;0.0197581671990115;-0.0373417505441464
LM_10_258_B.nana_IFR_IFR_FA_374_2010;LM_10_258;B.nana;IFR;FA;374;2010;37,64184638;0.0201376011832718;0.0024226030900813
LM_6_84_S.herbacea_Sb_FJ_246_2006;LM_6_84;S.herbacea;Sb;FJ;246;2006;37,68279908;0.0784578448886976;-0.0269794040580789
LM_9_81_B.nana_IFR_IFR_FA_280_2009;LM_9_81;B.nana;IFR;FA;280;2009;37,6888288;0.0390859838948591;0.0271318683604964
LM_9_89_B.nana_C_C_MJ_300_2009;LM_9_89;B.nana;C;MJ;300;2009;37,96931217;0.145549095760878;0.0598981048869439
LM_7_6_D.octopetala_L_FJ_378_2007;LM_7_6;D.octopetala;L;FJ;378;2007;38,10635749;-0.00887138840259526;-0.036065033407616
LM_6_82_E.nigrum_B_MJ_246_2006;LM_6_82;E.nigrum;B;MJ;246;2006;38,38555234;-0.124866213779126;-0.0251503715142126
LM_10_327_B.nana_IFR_IFR_MJ_378_2010;LM_10_327;B.nana;IFR;MJ;378;2010;38,49634528;0.0765821343168098;0.0555543596327736
LM_13_182_D.octopetala_L_FA_367_2013;LM_13_182;D.octopetala;L;FA;367;2013;38,61565734;0.0171748385340116;-0.0289878878259682
LM_6_49_B.nana_IFR_IFR_MJ_204_2006;LM_6_49;B.nana;IFR;MJ;204;2006;39,55361041;0.0739711887369348;0.0271318975873771
LM_9_139_B.nana_IFR_IFR_FJ_376_2009;LM_9_139;B.nana;IFR;FJ;376;2009;39,84553887;0.0641319016749923;0.0425653488570813
LM_8_98_B.nana_IFR_IFR_FJ_372_2008;LM_8_98;B.nana;IFR;FJ;372;2008;39,89957341;0.0512893145242209;0.0491652074955569
LM_6_99_Vaccinium_B_MJ_180_2006;LM_6_99;Vaccinium;B;MJ;180;2006;40,18004115;-0.0715648900627077;-0.00360426044044446
LM_9_93_B.nana_IFR_IFR_MJ_302_2009;LM_9_93;B.nana;IFR;MJ;302;2009;40,21133787;0.0875373430383783;0.0287008312816088
LM_14_130_Vaccinium_B_FA_379_2014;LM_14_130;Vaccinium;B;FA;379;2014;40,42003142;-0.0771251598703326;0.00955805803190848
LM_9_36_D.octopetala_L_MA_369_2009;LM_9_36;D.octopetala;L;MA;369;2009;40,52805281;0.0574063281317343;-0.0241984863249167
LM_6_83_S.herbacea_Sb_MJ_246_2006;LM_6_83;S.herbacea;Sb;MJ;246;2006;41,0620735;0.0588003957353489;-0.0366180212525876
LM_10_191_Vaccinium_B_FJ_428_2010;LM_10_191;Vaccinium;B;FJ;428;2010;41,27522772;-0.00733578513354661;0.0309841682256426
LM_8_118_B.nana_IFR_IFR_MJ_371_2008;LM_8_118;B.nana;IFR;MJ;371;2008;41,41839985;0.0162148968018107;0.0395478275972125
LM_13_28_D.octopetala_L_MJ_430_2013;LM_13_28;D.octopetala;L;MJ;430;2013;41,42725919;0.0852812486929693;-0.0371788523514454
LM_12_53_D.octopetala_L_FJ_527_2012;LM_12_53;D.octopetala;L;FJ;527;2012;42,01423051;0.0344959664237515;-0.0362925747790413
LM_9_166_B.nana_C_C_MA_328_2009;LM_9_166;B.nana;C;MA;328;2009;42,24712882;0.22160802245062;0.118312265797554
LM_8_12_Vaccinium_B_FJ_285_2008;LM_8_12;Vaccinium;B;FJ;285;2008;43,09109519;-0.0615295354086853;0.0145980353004451
LM_8_54_B.nana_C_C_FJ_378_2008;LM_8_54;B.nana;C;FJ;378;2008;43,87216693;0.0897027989137449;0.0227182830194511
LM_9_4_E.nigrum_B_FJ_342_2009;LM_9_4;E.nigrum;B;FJ;342;2009;44,47515005;-0.0942762010561386;-0.0213809379732325
LM_11_124_E.nigrum_B_MJ_406_2011;LM_11_124;E.nigrum;B;MJ;406;2011;44,48110378;-0.110174978396486;-0.0184347995201178
LM_8_113_Vaccinium_B_MA_369_2008;LM_8_113;Vaccinium;B;MA;369;2008;44,94101633;-0.0745423373569701;0.00466938023450081
LM_13_166_B.nana_IFR_IFR_MA_345_2013;LM_13_166;B.nana;IFR;MA;345;2013;44,94432419;0.0652652687937174;0.0485325206772635
LM_10_94_B.nana_IFR_IFR_FJ_426_2010;LM_10_94;B.nana;IFR;FJ;426;2010;45,16608416;-0.0422695486591046;-0.0241998326029109
LM_11_152_E.nigrum_B_FJ_463_2011;LM_11_152;E.nigrum;B;FJ;463;2011;45,72038153;-0.0929026077063602;-0.0209748646111861
LM_6_36_Vaccinium_B_MJ_188_2006;LM_6_36;Vaccinium;B;MJ;188;2006;46,4177825;-0.0561827979733952;0.0340404261055413
LM_11_162_D.octopetala_L_MJ_388_2011;LM_11_162;D.octopetala;L;MJ;388;2011;46,44126405;0.0562831719378968;-0.0377452487773371
LM_6_40_E.nigrum_B_MJ_169_2006;LM_6_40;E.nigrum;B;MJ;169;2006;46,69231764;-0.0953775959485809;-0.0197881226839557
LM_6_86_D.octopetala_L_FJ_246_2006;LM_6_86;D.octopetala;L;FJ;246;2006;47,12296348;0.0588439150961994;-0.0405389162505241
LM_10_324_B.pubescens_C_FJ_373_2010;LM_10_324;B.pubescens;C;FJ;373;2010;47,4122807;0.10499477307332;0.0401577034895489
LM_7_3_D.octopetala_L_FJ_378_2007;LM_7_3;D.octopetala;L;FJ;378;2007;47,81258754;0.0662673937259494;-0.0117296810567075
LM_13_77_B.nana_IFR_IFR_FJ_378_2013;LM_13_77;B.nana;IFR;FJ;378;2013;47,82972825;0.0949776902584168;-0.0101595746212605
LM_9_92_B.nana_C_C_FJ_302_2009;LM_9_92;B.nana;C;FJ;302;2009;48,13885046;0.188389725043656;0.103081814767483
LM_14_154_E.nigrum_B_FJ_424_2014;LM_14_154;E.nigrum;B;FJ;424;2014;48,55763834;-0.117110100213344;-0.0348546870589982
LM_7_49_B.nana_IFR_IFR_FJ_373_2007;LM_7_49;B.nana;IFR;FJ;373;2007;49,88613282;-0.048495147559575;-0.0102986289852867
LM_10_226_B.pubescens_C_FJ_385_2010;LM_10_226;B.pubescens;C;FJ;385;2010;51,08243616;0.146080600743427;0.0713814500214493
LM_13_132_D.octopetala_L_MA_318_2013;LM_13_132;D.octopetala;L;MA;318;2013;51,48288693;0.0702026640232762;-0.0410605062471937
LM_10_270_B.nana_IFR_IFR_MJ_376_2010;LM_10_270;B.nana;IFR;MJ;376;2010;52,14563646;0.138100627320961;0.0766035119401509
LM_6_90_S.herbacea_Sb_MJ_246_2006;LM_6_90;S.herbacea;Sb;MJ;246;2006;52,27821341;0.0366732953956596;-0.0472653072279343
LM_9_90_B.nana_IFR_IFR_MJ_300_2009;LM_9_90;B.nana;IFR;MJ;300;2009;52,35572829;0.112373011609966;0.0410698910204548
LM_11_3_D.octopetala_L_MA_386_2011;LM_11_3;D.octopetala;L;MA;386;2011;52,76820733;0.0565119729316967;-0.0217435395697055
LM_13_17_E.nigrum_B_MA_NA_2013;LM_13_17;E.nigrum;B;MA;NA;2013;53,46639239;-0.0825498183033865;-0.0285094961591099
LM_11_137_B.nana_C_C_MJ_370_2011;LM_11_137;B.nana;C;MJ;370;2011;53,63076955;0.124174313252938;0.0468442309223577
LM_10_23_Vaccinium_B_MJ_357_2010;LM_10_23;Vaccinium;B;MJ;357;2010;53,90574144;-0.00407160809559792;0.0459003716375417
LM_7_24_B.nana_IFR_IFR_FJ_360_2007;LM_7_24;B.nana;IFR;FJ;360;2007;54,06338636;0.038768188294861;0.00913024593584939
LM_6_81_D.octopetala_L_FJ_246_2006;LM_6_81;D.octopetala;L;FJ;246;2006;55,05542415;0.0369944440936172;-0.0408134897615876
LM_12_198_Vaccinium_B_MJ_527_2012;LM_12_198;Vaccinium;B;MJ;527;2012;55,88766324;-0.0202812480275801;0.0521858270255229
LM_11_11_E.nigrum_B_FA_373_2011;LM_11_11;E.nigrum;B;FA;373;2011;56,73144345;-0.091376123363095;-0.0195313488130914
LM_13_115_D.octopetala_L_MJ_343_2013;LM_13_115;D.octopetala;L;MJ;343;2013;56,77157229;0.0514341671531791;-0.0273697895942191
LM_11_209_B.nana_C_C_MA_384_2011;LM_11_209;B.nana;C;MA;384;2011;57,09101755;0.183743985827468;0.0983095296413257
LM_10_34_Vaccinium_B_FJ_378_2010;LM_10_34;Vaccinium;B;FJ;378;2010;57,10642533;-0.0482568521733361;0.000671769392516611
LM_6_42_E.nigrum_B_MJ_101_2006;LM_6_42;E.nigrum;B;MJ;101;2006;57,31690869;-0.159386562038967;-0.0408551148816438
LM_11_13_D.octopetala_L_MJ_373_2011;LM_11_13;D.octopetala;L;MJ;373;2011;57,88667688;0.087730662605779;-0.0251183630183003
LM_6_100_Vaccinium_B_FJ_180_2006;LM_6_100;Vaccinium;B;FJ;180;2006;58,20368676;-0.0570034047030728;0.0119382261691707
LM_14_180_B.nana_IFR_IFR_MJ_373_2014;LM_14_180;B.nana;IFR;MJ;373;2014;58,27730465;0.0381632016396584;0.0318842660086953
LM_13_201_Vaccinium_B_FJ_NA_2013;LM_13_201;Vaccinium;B;FJ;NA;2013;58,56390977;-0.0702225371837484;0.0145040155369675
LM_11_138_B.nana_C_C_MJ_370_2011;LM_11_138;B.nana;C;MJ;370;2011;58,67649876;0.190174100555027;0.11165650097286
LM_10_200_S.phylicifolia_Sb_MA_431_2010;LM_10_200;S.phylicifolia;Sb;MA;431;2010;58,79332478;0.0327439528739375;-0.0457779932131227
LM_9_16_B.nana_IFR_IFR_FJ_377_2009;LM_9_16;B.nana;IFR;FJ;377;2009;58,86052214;0.0670070662472258;0.0317882399200045
LM_10_257_B.pubescens_C_FJ_363_2010;LM_10_257;B.pubescens;C;FJ;363;2010;58,87715616;0.156848411267222;0.0990407324322662
LM_8_75_B.nana_IFR_IFR_MJ_371_2008;LM_8_75;B.nana;IFR;MJ;371;2008;59,34341392;0.0282350083434466;0.0237404799817183
LM_8_87_B.nana_C_C_FJ_369_2008;LM_8_87;B.nana;C;FJ;369;2008;59,61851874;0.101783143511529;0.0302381360515287
LM_13_160_E.nigrum_B_FJ_349_2013;LM_13_160;E.nigrum;B;FJ;349;2013;59,90210551;-0.132541341844083;-0.0283980913294882
LM_6_18_B.nana_IFR_IFR_MJ_180_2006;LM_6_18;B.nana;IFR;MJ;180;2006;60,20384391;0.0714318039285883;0.0445729782136664
LM_12_45_Vaccinium_B_MJ_479_2012;LM_12_45;Vaccinium;B;MJ;479;2012;60,510306;0.0604731477443551;0.059859492156984
LM_14_77_Vaccinium_B_MJ_363_2014;LM_14_77;Vaccinium;B;MJ;363;2014;60,66020191;-0.0837716533293625;-0.0121325142153325
LM_14_219_S.phylicifolia_Sb_FJ_393_2014;LM_14_219;S.phylicifolia;Sb;FJ;393;2014;61,00531038;0.0466047228731038;-0.0412281693015542
LM_11_156_B.nana_C_C_MA_389_2011;LM_11_156;B.nana;C;MA;389;2011;61,07146476;0.164255241569953;0.0687788012358652
LM_11_92_E.nigrum_B_FJ_434_2011;LM_11_92;E.nigrum;B;FJ;434;2011;61,62702577;-0.0719947208165782;-0.0180370291877984
LM_9_22_B.pubescens_C_MA_152_2009;LM_9_22;B.pubescens;C;MA;152;2009;62,43170174;0.163595419185797;0.0618697418973288
LM_11_35_E.nigrum_B_FJ_427_2011;LM_11_35;E.nigrum;B;FJ;427;2011;62,85289747;-0.115945668944667;-0.0202339964415131
LM_10_53_B.nana_IFR_IFR_FJ_371_2010;LM_10_53;B.nana;IFR;FJ;371;2010;63,45495495;0.0859727154947212;0.0454128721047196
LM_6_41_Vaccinium_B_MJ_169_2006;LM_6_41;Vaccinium;B;MJ;169;2006;63,62394163;-0.0557111181569959;0.0138453608207044
LM_12_2_D.octopetala_L_FJ_324_2012;LM_12_2;D.octopetala;L;FJ;324;2012;64,13193687;0.0605114019559562;-0.0344357235955727
LM_10_265_Vaccinium_B_FJ_375_2010;LM_10_265;Vaccinium;B;FJ;375;2010;64,13913439;-0.0682061699650989;0.0066406666468449
LM_11_2_E.nigrum_B_MJ_370_2011;LM_11_2;E.nigrum;B;MJ;370;2011;64,99222049;-0.140812405448096;-0.0319542811351934
LM_7_27_Vaccinium_B_FJ_360_2007;LM_7_27;Vaccinium;B;FJ;360;2007;66,03515179;-0.0654383068607763;0.0256011755011568
LM_8_138_B.nana_IFR_IFR_MA_370_2008;LM_8_138;B.nana;IFR;MA;370;2008;66,04172222;0.0867239933349032;0.0229697191328997
LM_13_134_D.octopetala_L_FJ_318_2013;LM_13_134;D.octopetala;L;FJ;318;2013;66,71031954;0.0598369292681246;-0.0428035991204773
LM_11_210_B.nana_C_IFR_MA_384_2011;LM_11_210;B.nana;IFR;MA;384;2011;67,18861496;0.0993806509914516;0.0434256689275735
LM_11_16_E.nigrum_B_MA_368_2011;LM_11_16;E.nigrum;B;MA;368;2011;67,20460912;-0.10096600850995;0.0102760950839871
LM_13_163_B.nana_IFR_IFR_FJ_354_2013;LM_13_163;B.nana;IFR;FJ;354;2013;67,77070064;0.0846810722057249;0.0514988170031389
LM_6_87_S.herbacea_Sb_FJ_246_2006;LM_6_87;S.herbacea;Sb;FJ;246;2006;68,18596828;0.0549338318995891;-0.0421419223167748
LM_13_152_Vaccinium_B_MJ_287_2013;LM_13_152;Vaccinium;B;MJ;287;2013;68,19856166;-0.108983312175717;-0.00300441860935055
LM_7_111_E.nigrum_B_FJ_451_2007;LM_7_111;E.nigrum;B;FJ;451;2007;68,52996506;-0.138587433632892;-0.0275833452577148
LM_10_68_Vaccinium_B_MJ_428_2010;LM_10_68;Vaccinium;B;MJ;428;2010;69,67560985;-0.0198141404861765;0.0236217659547105
LM_14_140_S.herbacea_Sb_MA_340_2014;LM_14_140;S.herbacea;Sb;MA;340;2014;69,7995338;0.0656525554841421;-0.0351584353147792
LM_13_192_Vaccinium_B_MJ_295_2013;LM_13_192;Vaccinium;B;MJ;295;2013;71,69910114;0.00148147800922404;0.0272334528055964
LM_9_54_Vaccinium_B_FJ_155_2009;LM_9_54;Vaccinium;B;FJ;155;2009;72,19288983;-0.0269489077663296;0.0168800674764981
LM_12_71_E.nigrum_B_MA_367_2012;LM_12_71;E.nigrum;B;MA;367;2012;72,56844759;-0.159860075938159;-0.0434362484281197
LM_10_24_Vaccinium_B_MJ_359_2010;LM_10_24;Vaccinium;B;MJ;359;2010;73,07372275;-0.0332553348967354;0.0292742545672765
LM_10_67_E.nigrum_B_FJ_420_2010;LM_10_67;E.nigrum;B;FJ;420;2010;73,10453937;-0.0919651567232643;-0.0294642857763482
LM_10_134_S.herbacea_Sb_MJ_275_2010;LM_10_134;S.herbacea;Sb;MJ;275;2010;73,16523165;0.08468162797192;-0.0262406110558494
LM_14_101_Vaccinium_B_MJ_386_2014;LM_14_101;Vaccinium;B;MJ;386;2014;73,40585146;-0.0639066994672313;-0.00176724014708323
LM_14_109_S.herbacea_Sb_MJ_387_2014;LM_14_109;S.herbacea;Sb;MJ;387;2014;73,46300211;0.0747282496385828;-0.0317830536179489
LM_14_138_B.nana_IFR_IFR_FJ_354_2014;LM_14_138;B.nana;IFR;FJ;354;2014;74,74810708;0.124492485866332;0.036340884063218
LM_6_89_S.herbacea_Sb_FA_246_2006;LM_6_89;S.herbacea;Sb;FA;246;2006;74,91078566;0.0522974173888445;-0.0376097179163768
LM_9_5_Vaccinium_B_FJ_337_2009;LM_9_5;Vaccinium;B;FJ;337;2009;76,1823544;-0.0525062638798339;0.0133387814912748
LM_9_17_Vaccinium_B_FJ_382_2009;LM_9_17;Vaccinium;B;FJ;382;2009;77,61422515;-0.131272795467916;-0.0334449223850791
LM_13_24_B.nana_IFR_IFR_MJ_122_2013;LM_13_24;B.nana;IFR;MJ;122;2013;77,95775315;0.156677344265458;0.0814942657081471
LM_9_9_Vaccinium_B_MJ_283_2009;LM_9_9;Vaccinium;B;MJ;283;2009;78,14930016;-0.0964567336758845;-0.0128014594724237
LM_14_58_S.phylicifolia_Sb_FJ_409_2014;LM_14_58;S.phylicifolia;Sb;FJ;409;2014;78,40020844;0.04461844813717;-0.042522189690441
LM_13_183_B.nana_IFR_IFR_FJ_377_2013;LM_13_183;B.nana;IFR;FJ;377;2013;78,85014878;0.0803522335291902;0.0131831148947326
LM_13_174_Vaccinium_B_FA_377_2013;LM_13_174;Vaccinium;B;FA;377;2013;78,86749066;-0.0727882633028853;0.0105402310317439
LM_14_188_S.herbacea_Sb_MJ_283_2014;LM_14_188;S.herbacea;Sb;MJ;283;2014;78,95468713;0.0635687770690692;-0.0366901084707195
LM_14_181_B.pubescens_C_MJ_376_2014;LM_14_181;B.pubescens;C;MJ;376;2014;79,26997552;0.138298866011758;0.0625837966119095
LM_14_30_E.nigrum_B_FJ_326_2014;LM_14_30;E.nigrum;B;FJ;326;2014;79,57599849;-0.0673111316158069;-0.036815040568137
LM_8_24_Vaccinium_B_MJ_366_2008;LM_8_24;Vaccinium;B;MJ;366;2008;79,63707487;-0.104132065018718;-0.027100135620606
LM_7_68_E.nigrum_B_MJ_493_2007;LM_7_68;E.nigrum;B;MJ;493;2007;80,07799318;-0.111593321138132;-0.0161916528155818
LM_10_131_S.herbacea_Sb_MA_275_2010;LM_10_131;S.herbacea;Sb;MA;275;2010;80,90749321;0.0649753853860211;-0.0388711064294538
LM_9_103_Vaccinium_B_MA_302_2009;LM_9_103;Vaccinium;B;MA;302;2009;81,01925631;-0.0465378892616455;0.0124426296833998
LM_7_42_Vaccinium_B_FA_360_2007;LM_7_42;Vaccinium;B;FA;360;2007;82,11838706;0.0104829606313059;0.0449965952960434
LM_14_150_Vaccinium_B_FJ_393_2014;LM_14_150;Vaccinium;B;FJ;393;2014;82,96930342;-0.024052768641158;0.0285531051100416
LM_10_99_S.herbacea_Sb_FA_424_2010;LM_10_99;S.herbacea;Sb;FA;424;2010;85,60343254;0.0879835396174879;-0.00183082038164717
LM_14_236_S.herbacea_Sb_FJ_630_2014;LM_14_236;S.herbacea;Sb;FJ;630;2014;86,89047547;0.067850554949365;-0.0257466041789439
LM_14_76_D.octopetala_L_FJ_366_2014;LM_14_76;D.octopetala;L;FJ;366;2014;87,10539934;0.0614492464834922;-0.0373316734700747
LM_14_183_Vaccinium_B_MJ_271_2014;LM_14_183;Vaccinium;B;MJ;271;2014;87,20650767;-0.0641006082865215;0.00805451081517265
LM_11_103_D.octopetala_L_MJ_296_2011;LM_11_103;D.octopetala;L;MJ;296;2011;87,66417953;0.0488683615459193;-0.0399349518355393
LM_14_32_E.nigrum_B_FJ_374_2014;LM_14_32;E.nigrum;B;FJ;374;2014;87,74745339;-0.133682462511288;-0.0264839186595269
LM_13_231_Vaccinium_B_MJ_305_2013;LM_13_231;Vaccinium;B;MJ;305;2013;90,88758516;-0.101023050898087;0.0126893856203187
LM_11_83_Vaccinium_B_FJ_364_2011;LM_11_83;Vaccinium;B;FJ;364;2011;90,97148216;-0.0525466201590777;0.0219454769547461
LM_14_51_E.nigrum_B_FJ_302_2014;LM_14_51;E.nigrum;B;FJ;302;2014;91,97978257;-0.140774445108451;-0.0524564920120702
LM_11_26_S.herbacea_Sb_MA_421_2011;LM_11_26;S.herbacea;Sb;MA;421;2011;93,0246526;0.122605665302597;-0.03364643061782
LM_14_209_Vaccinium_B_MA_289_2014;LM_14_209;Vaccinium;B;MA;289;2014;94,14857426;-0.0470190940009816;0.0227734288745167
LM_8_86_B.pubescens_C_FA_383_2008;LM_8_86;B.pubescens;C;FA;383;2008;95,33419375;0.165339230344476;0.0900811302558462
LM_14_33_E.nigrum_B_MJ_414_2014;LM_14_33;E.nigrum;B;MJ;414;2014;95,53622772;-0.124861085036543;-0.0327789426426533
LM_8_79_D.octopetala_L_FJ_360_2008;LM_8_79;D.octopetala;L;FJ;360;2008;96,10314075;0.0558206602449376;-0.0435375324907481
LM_14_207_S.herbacea_Sb_FA_276_2014;LM_14_207;S.herbacea;Sb;FA;276;2014;96,11709835;0.0615409214328353;-0.0360799568018279
LM_7_70_Vaccinium_B_MA_244_2007;LM_7_70;Vaccinium;B;MA;244;2007;96,24931806;-0.026084504676413;0.0455620865638796
LM_13_151_Vaccinium_B_MA_120_2013;LM_13_151;Vaccinium;B;MA;120;2013;97,41146065;-0.100682260897559;0.0133609714590445
LM_6_135_E.nigrum_B_MA_426_2006;LM_6_135;E.nigrum;B;MA;426;2006;98,21093457;-0.0873631387150538;-0.0109271266130181
LM_12_40_S.herbacea_Sb_MA_309_2012;LM_12_40;S.herbacea;Sb;MA;309;2012;98,77972247;0.134391141271962;-0.00532898034219798
LM_11_131_Vaccinium_B_MA_384_2011;LM_11_131;Vaccinium;B;MA;384;2011;99,00455063;-0.022574367616768;0.0265914573470642
LM_13_232_Vaccinium_B_FJ_292_2013;LM_13_232;Vaccinium;B;FJ;292;2013;99,27091328;-0.0796762319389326;-0.0121353292326348
LM_14_184_Vaccinium_B_FJ_236_2014;LM_14_184;Vaccinium;B;FJ;236;2014;99,28327645;-0.0573168805333678;0.0113455334777367
LM_14_46_E.nigrum_B_MJ_362_2014;LM_14_46;E.nigrum;B;MJ;362;2014;99,52754417;-0.113335910147058;-0.048430807151241
LM_14_92_Vaccinium_B_MJ_238_2014;LM_14_92;Vaccinium;B;MJ;238;2014;99,75849898;-0.0330768357648913;0.0397437564845204
LM_7_18_Vaccinium_B_MJ_240_2007;LM_7_18;Vaccinium;B;MJ;240;2007;100;-0.0084890353533261;0.0419713187350149
LM_11_86_Vaccinium_B_FJ_325_2011;LM_11_86;Vaccinium;B;FJ;325;2011;100;-0.0211147716115803;0.0308001950158655
LM_14_161_Vaccinium_B_FJ_345_2014;LM_14_161;Vaccinium;B;FJ;345;2014;100;-0.0203018634693757;0.0271318626127526
LM_6_39_Vaccinium_B_NA_NA_2006;LM_6_39;Vaccinium;B;NA;NA;2006;NA;-0.0615571439207171;0.0161523994448249
LM_6_49_E.nigrum_B_MJ_204_2006;LM_6_49;E.nigrum;B;MJ;204;2006;16,22;-0.0450295477102136;0.0161974899235378
LM_7_151_B.pubescens_C_FA_160_2007;LM_7_151;B.pubescens;C;FA;160;2007;3,069;0.106205173863768;0.0359731113412816
LM_7_152_B.pubescens_C_FA_160_2007;LM_7_152;B.pubescens;C;FA;160;2007;75,613;0.205260104946107;0.128462902172555
LM_7_154_B.pubescens_C_FA_180_2007;LM_7_154;B.pubescens;C;FA;180;2007;93,936;0.189344474993504;0.103331777718561
LM_7_158_B.nana_C_C_NA_NA_2007;LM_7_158;B.nana;C;NA;NA;2007;NA;0.113762079858427;0.0408261344792957
LM_7_167_B.pubescens_C_NA_NA_2007;LM_7_167;B.pubescens;C;NA;NA;2007;NA;0.171191751517624;0.0857140640916466
LM_7_168_B.nana_C_C_NA_NA_2007;LM_7_168;B.nana;C;NA;NA;2007;NA;0.159746752887724;0.0718462311385056
LM_7_173_B.nana_C_C_NA_NA_2007;LM_7_173;B.nana;C;NA;NA;2007;NA;0.156171029813674;0.0544887781098298
LM_8_27_B.pubescens_C_MA_63_2008;LM_8_27;B.pubescens;C;MA;63;2008;92,42350891;0.196211340285978;0.064394429044167
LM_8_37_B.pubescens_C_FA_286_2008;LM_8_37;B.pubescens;C;FA;286;2008;99,48425051;0.238770162919911;0.132679887474342
LM_8_53_B.nana_IFR_IFR_FA_NA_2008;LM_8_53;B.nana;IFR;FA;NA;2008;NA;0.0776754358550538;0.00668037174993396
LM_8_80_B.pubescens_C_FA_329_2008;LM_8_80;B.pubescens;C;FA;329;2008;81,31821914;0.134495540643842;0.0604762859360354
LM_8_103_B.nana_C_C_NA_NA_2008;LM_8_103;B.nana;C;NA;NA;2008;NA;0.121081395452285;0.0476951405854082
LM_8_108_B.nana_IFR_IFR_NA_NA_2008;LM_8_108;B.nana;IFR;NA;NA;2008;NA;0.121534299414389;0.0654584141526758
LM_8_46_E.nigrum_B_MJ_332_2008;LM_8_46;E.nigrum;B;MJ;332;2008;19,93;-0.119256071558576;-0.0299070836089956
LM_9_93_S.phylicifolia_Sb_MJ_302_2009;LM_9_93;S.phylicifolia;Sb;MJ;302;2009;8,89;0.0642672281208298;-0.0400168633763498
LM_9_43_E.nigrum_B_FJ_432_2009;LM_9_43;E.nigrum;B;FJ;432;2009;14,04;-0.11767070343993;-0.0200950631452691
LM_10_12_S.herbacea_Sb_MJ_200_2010;LM_10_12;S.herbacea;Sb;MJ;200;2010;72,02;0.0443064613364223;-0.0433276158334967
LM_10_23_E.nigrum_B_MJ_357_2010;LM_10_23;E.nigrum;B;MJ;357;2010;21,01;-0.0771039224760302;-0.0284836325066625
LM_10_168_B.nana_IFR_IFR_MJ_NA_2010;LM_10_168;B.nana;IFR;MJ;NA;2010;NA;0.0918208461516612;0.0661755736527179
LM_10_295_Vaccinium_B_FA_370_2010;LM_10_295;Vaccinium;B;FA;370;2010;22,16;-0.00241088938712505;0.0454373992664157
LM_10_23_Vaccinium_B_MJ_357_2010;LM_10_23;Vaccinium;B;MJ;357;2010;53,91;-0.10620923714242;-0.0232424206322709
LM_10_268_Vaccinium_B_MJ_374_2010;LM_10_268;Vaccinium;B;MJ;374;2010;26,49;-0.0713525397483754;-0.000549881422818484
LM_10_295_E.nigrum_B_FA_370_2010;LM_10_295;E.nigrum;B;FA;370;2010;2,94;-0.0899748039808752;-0.0113948673586694
LM_11_91_E.nigrum_B_FJ_434_2011;LM_11_91;E.nigrum;B;FJ;434;2011;53,44;-0.102689742601853;-0.0247398177819908
LM_12_66_Vaccinium_B_FJ_420_2012;LM_12_66;Vaccinium;B;FJ;420;2012;9,25;-0.0132871106491272;0.0312934783678903
LM_12_51_E.nigrum_B_MJ_527_2012;LM_12_51;E.nigrum;B;MJ;527;2012;17,64;-0.135610299573573;-0.0445167690396569
LM_12_55_E.nigrum_B_FJ_527_2012;LM_12_55;E.nigrum;B;FJ;527;2012;19,01;-0.137112460404078;-0.0407405731028216
LM_12_66_Vaccinium_B_FJ_420_2012;LM_12_66;Vaccinium;B;FJ;420;2012;13,61;-0.161624418366358;-0.0252469475470721
LM_12_106_E.nigrum_B_MJ_500_2012;LM_12_106;E.nigrum;B;MJ;500;2012;48,94;-0.144872780502621;-0.0476994852356286
LM_12_199_E.nigrum_B_FJ_527_2012;LM_12_199;E.nigrum;B;FJ;527;2012;19,01;-0.0938318434392437;-0.0469520764823966
LM_13_86_E.nigrum_B_FJ_343_2013;LM_13_86;E.nigrum;B;FJ;343;2013;48,95;-0.0394171062914041;-0.0218933113243325
LM_13_110_E.nigrum_B_FJ_373_2013;LM_13_110;E.nigrum;B;FJ;373;2013;37,67;-0.0849305903492968;-0.0192322996886475
LM_13_167_E.nigrum_B_MJ_345_2013;LM_13_167;E.nigrum;B;MJ;345;2013;12,75;-0.113860886902177;-0.0283086092445424
LM_13_75_E.nigrum_B_MJ_378_2013;LM_13_75;E.nigrum;B;MJ;378;2013;16,37;-0.0750936699905678;-0.0259040964313425
LM_13_162_E.nigrum_B_MJ_354_2013;LM_13_162;E.nigrum;B;MJ;354;2013;42,38;-0.0343732338466433;0.0332228300932852
LM_14_56_E.nigrum_B_FJ_409_2014;LM_14_56;E.nigrum;B;FJ;409;2014;19,89;-0.029350918640275;-0.016385424168286
LM_14_35_E.nigrum_B_FA_370_2014;LM_14_35;E.nigrum;B;FA;370;2014;51,63;-0.103278645196146;-0.0316881096148553
LM_14_105_E.nigrum_B_MA_277_2014;LM_14_105;E.nigrum;B;MA;277;2014;65,76;-0.174277488815436;-0.0496799013284057
LM_14_185_E.nigrum_B_FJ_366_2014;LM_14_185;E.nigrum;B;FJ;366;2014;26,46;-0.163212766059074;-0.049781812763233
